{
  "best_mean_score": 0.9390426510100298,
  "max_score": 0.9390426510100298,
  "episodes": 102210,
  "updates": 1000,
  "env_steps": 1920000,
  "progress_unit": "blocks",
  "blocks": 1000
}