{
  "best_mean_score": 0.46711664714232104,
  "max_score": 0.46711664714232104,
  "episodes": 123514,
  "updates": 1000,
  "env_steps": 1920000,
  "progress_unit": "blocks",
  "blocks": 1000
}