{
  "best_mean_score": 0.8087143027239109,
  "max_score": 0.8087143027239109,
  "episodes": 95589,
  "updates": 1000,
  "env_steps": 1920000,
  "progress_unit": "blocks",
  "blocks": 1000
}