{
  "best_mean_score": 0.9480138303841111,
  "max_score": 0.9480138303841111,
  "episodes": 94401,
  "updates": 1000,
  "env_steps": 1920000,
  "progress_unit": "blocks",
  "blocks": 1000
}