{
  "best_mean_score": 0.9374223801044618,
  "max_score": 0.9374223801044618,
  "episodes": 104533,
  "updates": 1000,
  "env_steps": 1920000,
  "progress_unit": "blocks",
  "blocks": 1000
}