{
  "best_mean_score": 0.9453065565605506,
  "max_score": 0.9453065565605506,
  "episodes": 82658,
  "updates": 1000,
  "env_steps": 1920000,
  "progress_unit": "blocks",
  "blocks": 1000
}