{
  "best_mean_score": 0.4621905015682999,
  "max_score": 0.4621905015682999,
  "episodes": 124271,
  "updates": 1000,
  "env_steps": 1920000,
  "progress_unit": "blocks",
  "blocks": 1000
}