{
  "best_mean_score": 0.8594183817510002,
  "max_score": 0.8594183817510002,
  "episodes": 93980,
  "updates": 1000,
  "env_steps": 1920000,
  "progress_unit": "blocks",
  "blocks": 1000
}