{
  "params": {
    "alpha": 0.0001,
    "clip_epsilon": 0.15,
    "gae_lambda": 0.97,
    "collision_loss_coef": 0.3,
    "entropy_coef": 0.05
  },
  "value": 0.7948106545434735,
  "mean_score": 0.8807728254535799,
  "mean_steps": 25.570857751731488,
  "mean_collision_rate": 0.3571410055753646,
  "truncation_rate": 0.04075509250184702,
  "success_rate": 0.9592449074981529,
  "total_episodes": 66323,
  "trial_number": 31
}