{
  "best_mean_score": 0.46192686259139415,
  "max_score": 0.46192686259139415,
  "episodes": 122771,
  "updates": 1000,
  "env_steps": 1920000,
  "progress_unit": "blocks",
  "blocks": 1000
}