{
  "best_mean_score": 0.469600669152944,
  "max_score": 0.469600669152944,
  "episodes": 122838,
  "updates": 1000,
  "env_steps": 1920000,
  "progress_unit": "blocks",
  "blocks": 1000
}