{
  "best_mean_score": 0.587836434134334,
  "max_score": 0.587836434134334,
  "episodes": 93243,
  "updates": 1000,
  "env_steps": 1920000,
  "progress_unit": "blocks",
  "blocks": 1000
}