{
  "best_mean_score": 0.9457622659297407,
  "max_score": 0.9457622659297407,
  "episodes": 89839,
  "updates": 1000,
  "env_steps": 1920000,
  "progress_unit": "blocks",
  "blocks": 1000
}