{
  "best_mean_score": 0.5904740875063809,
  "max_score": 0.5904740875063809,
  "episodes": 91120,
  "updates": 1000,
  "env_steps": 1920000,
  "progress_unit": "blocks",
  "blocks": 1000
}