{
  "best_mean_score": 0.4598340940217798,
  "max_score": 0.4598340940217798,
  "episodes": 124773,
  "updates": 1000,
  "env_steps": 1920000,
  "progress_unit": "blocks",
  "blocks": 1000
}