{
  "best_mean_score": 0.8629477216074474,
  "max_score": 0.8629477216074474,
  "episodes": 83331,
  "updates": 1000,
  "env_steps": 1920000,
  "progress_unit": "blocks",
  "blocks": 1000
}