{
  "best_mean_score": 0.4648302902753668,
  "max_score": 0.4648302902753668,
  "episodes": 122520,
  "updates": 1000,
  "env_steps": 1920000,
  "progress_unit": "blocks",
  "blocks": 1000
}