{
  "best_mean_score": 0.5843534696589097,
  "max_score": 0.5843534696589097,
  "episodes": 100541,
  "updates": 1000,
  "env_steps": 1920000,
  "progress_unit": "blocks",
  "blocks": 1000
}