{
  "best_mean_score": 0.8858832895497147,
  "max_score": 0.8858832895497147,
  "episodes": 83424,
  "updates": 1000,
  "env_steps": 1920000,
  "progress_unit": "blocks",
  "blocks": 1000
}