{
  "best_mean_score": 0.785284424223413,
  "max_score": 0.785284424223413,
  "episodes": 99666,
  "updates": 1000,
  "env_steps": 1920000,
  "progress_unit": "blocks",
  "blocks": 1000
}