{
  "best_mean_score": 0.9437907736751734,
  "max_score": 0.9437907736751734,
  "episodes": 99494,
  "updates": 1000,
  "env_steps": 1920000,
  "progress_unit": "blocks",
  "blocks": 1000
}