{
  "best_mean_score": 0.5872801414153638,
  "max_score": 0.5872801414153638,
  "episodes": 94972,
  "updates": 1000,
  "env_steps": 1920000,
  "progress_unit": "blocks",
  "blocks": 1000
}