{
  "best_mean_score": 0.9151883037653877,
  "max_score": 0.9151883037653877,
  "episodes": 80810,
  "updates": 1000,
  "env_steps": 1920000,
  "progress_unit": "blocks",
  "blocks": 1000
}