{
  "best_mean_score": 0.8187914908561822,
  "max_score": 0.8187914908561822,
  "episodes": 99541,
  "updates": 1000,
  "env_steps": 1920000,
  "progress_unit": "blocks",
  "blocks": 1000
}