{
  "best_mean_score": 0.7946760306211375,
  "max_score": 0.7946760306211375,
  "episodes": 97365,
  "updates": 1000,
  "env_steps": 1920000,
  "progress_unit": "blocks",
  "blocks": 1000
}