{
  "best_mean_score": 0.9328760619170269,
  "max_score": 0.9328760619170269,
  "episodes": 94308,
  "updates": 1000,
  "env_steps": 1920000,
  "progress_unit": "blocks",
  "blocks": 1000
}