{
  "best_mean_score": 0.468760947474502,
  "max_score": 0.468760947474502,
  "episodes": 123506,
  "updates": 1000,
  "env_steps": 1920000,
  "progress_unit": "blocks",
  "blocks": 1000
}