{
  "best_mean_score": 0.46428402469961666,
  "max_score": 0.46428402469961666,
  "episodes": 122495,
  "updates": 1000,
  "env_steps": 1920000,
  "progress_unit": "blocks",
  "blocks": 1000
}