{
  "best_mean_score": 0.9495502633643179,
  "max_score": 0.9495502633643179,
  "episodes": 94846,
  "updates": 1000,
  "env_steps": 1920000,
  "progress_unit": "blocks",
  "blocks": 1000
}