{
  "best_mean_score": 0.45974545111093856,
  "max_score": 0.45974545111093856,
  "episodes": 124455,
  "updates": 1000,
  "env_steps": 1920000,
  "progress_unit": "blocks",
  "blocks": 1000
}