{
  "best_mean_score": 0.9317553272682941,
  "max_score": 0.9317553272682941,
  "episodes": 86656,
  "updates": 1000,
  "env_steps": 1920000,
  "progress_unit": "blocks",
  "blocks": 1000
}