{
  "best_mean_score": 0.9463091522528508,
  "max_score": 0.9463091522528508,
  "episodes": 87276,
  "updates": 1000,
  "env_steps": 1920000,
  "progress_unit": "blocks",
  "blocks": 1000
}