{
  "best_mean_score": 0.9213579657209873,
  "max_score": 0.9213579657209873,
  "episodes": 91646,
  "updates": 1000,
  "env_steps": 1920000,
  "progress_unit": "blocks",
  "blocks": 1000
}