{
  "best_mean_score": 0.5831370285673966,
  "max_score": 0.5831370285673966,
  "episodes": 92487,
  "updates": 1000,
  "env_steps": 1920000,
  "progress_unit": "blocks",
  "blocks": 1000
}