{
  "best_mean_score": 0.9371461147008286,
  "max_score": 0.9371461147008286,
  "episodes": 89986,
  "updates": 1000,
  "env_steps": 1920000,
  "progress_unit": "blocks",
  "blocks": 1000
}