{
  "best_mean_score": 0.8922634349042918,
  "max_score": 0.8922634349042918,
  "episodes": 83360,
  "updates": 1000,
  "env_steps": 1920000,
  "progress_unit": "blocks",
  "blocks": 1000
}