{
  "best_mean_score": 0.46543661024872174,
  "max_score": 0.46543661024872174,
  "episodes": 120808,
  "updates": 1000,
  "env_steps": 1920000,
  "progress_unit": "blocks",
  "blocks": 1000
}