{
  "best_mean_score": 0.45954600099900766,
  "max_score": 0.45954600099900766,
  "episodes": 122834,
  "updates": 1000,
  "env_steps": 1920000,
  "progress_unit": "blocks",
  "blocks": 1000
}