{
  "best_mean_score": 0.9250643413454506,
  "max_score": 0.9250643413454506,
  "episodes": 109643,
  "updates": 1000,
  "env_steps": 1920000,
  "progress_unit": "blocks",
  "blocks": 1000
}