{
  "best_mean_score": 0.9500789447416388,
  "max_score": 0.9500789447416388,
  "episodes": 95188,
  "updates": 1000,
  "env_steps": 1920000,
  "progress_unit": "blocks",
  "blocks": 1000
}