{
  "best_mean_score": 0.5785030421248412,
  "max_score": 0.5785030421248412,
  "episodes": 96418,
  "updates": 1000,
  "env_steps": 1920000,
  "progress_unit": "blocks",
  "blocks": 1000
}