{
  "best_mean_score": 0.470384423461688,
  "max_score": 0.470384423461688,
  "episodes": 122264,
  "updates": 1000,
  "env_steps": 1920000,
  "progress_unit": "blocks",
  "blocks": 1000
}