{
  "best_mean_score": 0.46153193475080884,
  "max_score": 0.46153193475080884,
  "episodes": 124766,
  "updates": 1000,
  "env_steps": 1920000,
  "progress_unit": "blocks",
  "blocks": 1000
}