{
  "best_mean_score": 0.5900098033660364,
  "max_score": 0.5900098033660364,
  "episodes": 94003,
  "updates": 1000,
  "env_steps": 1920000,
  "progress_unit": "blocks",
  "blocks": 1000
}