{
  "best_mean_score": 0.9417593545544505,
  "max_score": 0.9417593545544505,
  "episodes": 96790,
  "updates": 1000,
  "env_steps": 1920000,
  "progress_unit": "blocks",
  "blocks": 1000
}