{
  "best_mean_score": 0.9363894526909256,
  "max_score": 0.9363894526909256,
  "episodes": 89092,
  "updates": 1000,
  "env_steps": 1920000,
  "progress_unit": "blocks",
  "blocks": 1000
}