{
  "best_mean_score": 0.9521764581275758,
  "max_score": 0.9521764581275758,
  "episodes": 100327,
  "updates": 1000,
  "env_steps": 1920000,
  "progress_unit": "blocks",
  "blocks": 1000
}