{
  "best_mean_score": 0.9464610803242088,
  "max_score": 0.9464610803242088,
  "episodes": 84203,
  "updates": 1000,
  "env_steps": 1920000,
  "progress_unit": "blocks",
  "blocks": 1000
}