{
  "best_mean_score": 0.5856395271192227,
  "max_score": 0.5856395271192227,
  "episodes": 91721,
  "updates": 1000,
  "env_steps": 1920000,
  "progress_unit": "blocks",
  "blocks": 1000
}