{
  "best_mean_score": 0.959512870381596,
  "max_score": 0.959512870381596,
  "episodes": 85966,
  "updates": 1000,
  "env_steps": 1920000,
  "progress_unit": "blocks",
  "blocks": 1000
}